[
    {
        "name": "mridul",
        "email": "mridul1@gmail.com",
        "birthday": "1999-03-02",
        "phonenumber": "01781666033",
        "otp": "987637",
        "presentAddress": "Lalmaita,5\/b",
        "permanentAddress": "Shariotput"
    },
    {
        "name": "mridul",
        "email": "mridul1@gmail.com",
        "birthday": "1999-03-02",
        "phonenumber": "01781666033",
        "otp": "987637",
        "presentAddress": "Lalmaita,5\/b",
        "permanentAddress": "Shariotput"
    },
    {
        "name": "Max",
        "email": "max111@gmail.com",
        "birthday": "2021-10-05",
        "phonenumber": "00121425105",
        "otp": "546",
        "presentAddress": "jlk",
        "permanentAddress": "nok"
    },
    {
        "name": "Max",
        "email": "max111@gmail.com",
        "birthday": "2021-10-05",
        "phonenumber": "00121425105",
        "otp": "546",
        "presentAddress": "jlk",
        "permanentAddress": "nok"
    },
    {
        "name": "Max",
        "email": "max111@gmail.com",
        "birthday": "2021-10-05",
        "phonenumber": "00121425105",
        "otp": "546",
        "presentAddress": "jlk",
        "permanentAddress": "nok"
    },
    {
        "name": "mridul",
        "email": "abc@gmaail.com",
        "birthday": "2021-11-28",
        "phonenumber": "01745637090",
        "otp": "1122",
        "presentAddress": "Akguig, huj, hjh",
        "permanentAddress": "gvjhffv,.hfhv,vcgc"
    },
    {
        "name": "mridul",
        "email": "abc@gmaail.com",
        "birthday": "2021-12-01",
        "phonenumber": "01745637090",
        "otp": "223",
        "presentAddress": "jibh",
        "permanentAddress": "gvh"
    }
]