[
    {
        "name": "eshaaa",
        "email": "nooresha81@gmail.com",
        "gender": "on",
        "birthday": "2021-06-24",
        "phonenumber": "01794830244",
        "otp": "0043",
        "presentAddress": "dhaka",
        "permanentAddress": "dhaka",
        "ssc": "5.00",
        "hsc": "5.00",
        "cgpa": "4.00"
    },
    {
        "name": "Mr. X",
        "email": "",
        "gender": null,
        "birthday": "",
        "phonenumber": "",
        "otp": "",
        "presentAddress": "",
        "permanentAddress": "",
        "ssc": "",
        "hsc": "",
        "cgpa": ""
    },
    {
        "name": "errrrrrrrrrrrr",
        "email": "nooresha81@gmail.com",
        "gender": "on",
        "birthday": "1999-06-30",
        "phonenumber": "01794830244",
        "otp": "0043",
        "presentAddress": "dhaka",
        "permanentAddress": "dhaka",
        "ssc": "5.00",
        "hsc": "5.00",
        "cgpa": "3.48"
    },
    {
        "name": "tanvir himu",
        "email": "fasdf@fdsg.com",
        "gender": "on",
        "birthday": "2021-06-17",
        "phonenumber": "01794830244",
        "otp": "987637",
        "presentAddress": "dhaka",
        "permanentAddress": "dhaka",
        "ssc": "5.00",
        "hsc": "5.00",
        "cgpa": "3.48"
    },
    {
        "name": "tanvir himu",
        "email": "fasdf@fdsg.com",
        "gender": "on",
        "birthday": "2021-06-17",
        "phonenumber": "01794830244",
        "otp": "987637",
        "presentAddress": "dhaka",
        "permanentAddress": "dhaka",
        "ssc": "5.00",
        "hsc": "5.00",
        "cgpa": "3.48"
    },
    {
        "name": "tanvir himu",
        "email": "nooresha81@gmail",
        "gender": "on",
        "birthday": "2021-06-16",
        "phonenumber": "01794830244",
        "otp": "987637",
        "presentAddress": "Dhaka,4\/4",
        "permanentAddress": "Dhaka,4\/4",
        "ssc": "5",
        "hsc": "5",
        "cgpa": "4"
    },
    {
        "name": "tanvir himu",
        "email": "nooresha81@gmail.com",
        "gender": "on",
        "birthday": "2021-06-24",
        "phonenumber": "01794830244",
        "otp": "987637",
        "presentAddress": "dhaka,4\/4",
        "permanentAddress": "dhaka,3\/3",
        "ssc": "5",
        "hsc": "5",
        "cgpa": "4"
    },
    {
        "name": "tanvir himu",
        "email": "nooresha81@gmail.com",
        "gender": "on",
        "birthday": "2021-06-30",
        "phonenumber": "01794830244",
        "otp": "666777",
        "presentAddress": "dhaka,4\/4",
        "permanentAddress": "dhaka,4\/4",
        "ssc": "5",
        "hsc": "5",
        "cgpa": "4"
    },
    {
        "name": "tanvir himu",
        "email": "nooresha81@gmail.com",
        "gender": "on",
        "birthday": "2021-06-30",
        "phonenumber": "01794830244",
        "otp": "666777",
        "presentAddress": "dhaka,4\/4",
        "permanentAddress": "dhaka,4\/4",
        "ssc": "5",
        "hsc": "5",
        "cgpa": "4"
    },
    {
        "name": "nooresha",
        "email": "nooresha81@gmail.com",
        "gender": "on",
        "birthday": "2021-06-09",
        "phonenumber": "01794830244",
        "otp": "666777",
        "presentAddress": "",
        "permanentAddress": "",
        "ssc": "3",
        "hsc": "5",
        "cgpa": "4"
    },
    {
        "name": "nooresha",
        "email": "nooresha81@gmail.com",
        "gender": "on",
        "birthday": "2021-06-09",
        "phonenumber": "01794830244",
        "otp": "666777",
        "presentAddress": "",
        "permanentAddress": "",
        "ssc": "3",
        "hsc": "5",
        "cgpa": "4"
    },
    {
        "name": "nooresha",
        "email": "fasdf@fdsg.com\"",
        "gender": "female",
        "birthday": "2021-06-08",
        "phonenumber": "01781666007",
        "otp": "766887",
        "presentAddress": "Dhaka,4\/1",
        "permanentAddress": "Dhaka,4\/1",
        "ssc": "3",
        "hsc": "5"
    },
    {
        "name": "nooresha",
        "email": "ddds",
        "gender": "female",
        "birthday": "2021-06-09",
        "phonenumber": "01781666007",
        "otp": "234567",
        "presentAddress": "Dhaka,4\/a",
        "permanentAddress": "Dhaka,4\/a",
        "ssc": "3",
        "hsc": "5"
    },
    {
        "name": "Max",
        "email": "max111@gmail.com",
        "gender": "male",
        "birthday": "2021-01-02",
        "phonenumber": "001214251054",
        "otp": "124567",
        "presentAddress": "dacf",
        "permanentAddress": "cac",
        "ssc": "2.00",
        "hsc": "1.00"
    },
    {
        "name": "",
        "email": "",
        "gender": null,
        "birthday": "",
        "phonenumber": "",
        "otp": "",
        "presentAddress": "",
        "permanentAddress": "",
        "ssc": "",
        "hsc": "",
        "cgpa": ""
    },
    {
        "name": "",
        "email": "",
        "gender": "on",
        "birthday": "",
        "phonenumber": "",
        "otp": "",
        "presentAddress": "",
        "permanentAddress": "",
        "ssc": "",
        "hsc": "",
        "cgpa": ""
    },
    {
        "name": "Max",
        "email": "max111@gmail.com",
        "gender": "male",
        "birthday": "2021-10-05",
        "phonenumber": "00121425105",
        "otp": "5215",
        "presentAddress": "fstr",
        "permanentAddress": "dsaf",
        "ssc": "2.00",
        "hsc": "1.00"
    }
]